﻿<?xml version="1.0" encoding="utf-8"?>
<ScriptExport xmlns:xsi="http://www.w3.org/2001/XMLSchema-instance" xmlns:xsd="http://www.w3.org/2001/XMLSchema" xmlns="http://www.kaseya.com/vsa/2008/12/Scripting">
  <Procedure name="AV Update Check - SecurityCenter" treePres="3">
    <Body description="Description: Checks if the Antivirus Virus definitions are up to date via the WMI Security Center  and Security Center 2 productUptoDate\productState values. Works only on Windows XP SP2, Windows Vista and Windows 7 operating systems. Other Operating systems will return a log value as “Unsupported System”.&#xD;&#xA;&#xD;&#xA;&gt;&gt;&gt; Note that this script has not been tested on all possible AV states &lt;&lt;&lt;&#xD;&#xA;&#xD;&#xA;Type: Audit Script&#xD;&#xA;Original script supplied by: Dan Power (SIAX Computing Solutions) (18/9/2010)&#xD;&#xA;Created/Rewrote by:  HardKnoX (21/09/2010)&#xD;&#xA;">
      <Statement description="Use the user logon credentials set for the machine ID to execute a file or shell command - Windows 2000 and above only." name="UseCredential" continueOnFail="false" />
      <Statement description="Execute the given command as if it were typed in at a command prompt." name="ExecuteShellCommand" continueOnFail="false">
        <Parameter xsi:type="StringParameter" name="Command" value="MKDIR #vAgentConfiguration.AgentTempDir#\Temp \a" />
        <Parameter xsi:type="EnumParameter" name="ExecuteAccount" value="System" />
        <Parameter xsi:type="BooleanParameter" name="Is64Bit" value="False" />
      </Statement>
      <Statement description="Windows XP - AV Display Name" name="GetVariable" continueOnFail="false" osType="XP">
        <Parameter xsi:type="EnumParameter" name="VariableType" value="ConstantValue" />
        <Parameter xsi:type="StringParameter" name="SourceContent" value="SecurityCenter" />
        <Parameter xsi:type="StringParameter" name="VariableName" value="SecurityCenter" />
      </Statement>
      <Statement description="Windows XP - AV Display Name" name="GetVariable" continueOnFail="false" osType="Vista">
        <Parameter xsi:type="EnumParameter" name="VariableType" value="ConstantValue" />
        <Parameter xsi:type="StringParameter" name="SourceContent" value="SecurityCenter2" />
        <Parameter xsi:type="StringParameter" name="VariableName" value="SecurityCenter" />
      </Statement>
      <Statement description="Windows XP - AV Display Name" name="GetVariable" continueOnFail="false" osType="7">
        <Parameter xsi:type="EnumParameter" name="VariableType" value="ConstantValue" />
        <Parameter xsi:type="StringParameter" name="SourceContent" value="SecurityCenter2" />
        <Parameter xsi:type="StringParameter" name="VariableName" value="SecurityCenter" />
      </Statement>
      <Statement description="Execute the given command as if it were typed in at a command prompt." name="ExecuteShellCommand" continueOnFail="false" osType="XP">
        <Parameter xsi:type="StringParameter" name="Command" value="wmic /namespace:\\root\#SecurityCenter# PATH AntiVirusProduct GET /value &gt;&gt;#vAgentConfiguration.AgentTempDir#\Temp\AvProduct.log" />
        <Parameter xsi:type="EnumParameter" name="ExecuteAccount" value="User" />
        <Parameter xsi:type="BooleanParameter" name="Is64Bit" value="False" />
      </Statement>
      <Statement description="Execute the given command as if it were typed in at a command prompt." name="ExecuteShellCommand" continueOnFail="false" osType="Vista">
        <Parameter xsi:type="StringParameter" name="Command" value="wmic /namespace:\\root\#SecurityCenter# PATH AntiVirusProduct GET /value &gt;&gt;#vAgentConfiguration.AgentTempDir#\Temp\AvProduct.log" />
        <Parameter xsi:type="EnumParameter" name="ExecuteAccount" value="User" />
        <Parameter xsi:type="BooleanParameter" name="Is64Bit" value="False" />
      </Statement>
      <Statement description="Execute the given command as if it were typed in at a command prompt." name="ExecuteShellCommand" continueOnFail="false" osType="7">
        <Parameter xsi:type="StringParameter" name="Command" value="wmic /namespace:\\root\#SecurityCenter# PATH AntiVirusProduct GET /value &gt;&gt;#vAgentConfiguration.AgentTempDir#\Temp\AvProduct.log" />
        <Parameter xsi:type="EnumParameter" name="ExecuteAccount" value="User" />
        <Parameter xsi:type="BooleanParameter" name="Is64Bit" value="False" />
      </Statement>
      <If description="">
        <Condition name="TestFile">
          <Parameter xsi:type="StringParameter" name="Path" value="#vAgentConfiguration.AgentTempDir#\Temp\AvProduct.log" />
          <Parameter xsi:type="EnumParameter" name="Condition" value="Exists" />
          <Parameter xsi:type="StringParameter" name="Value" value="" />
        </Condition>
        <Then>
          <If description="">
            <Condition name="TestFile">
              <Parameter xsi:type="StringParameter" name="Path" value="#vAgentConfiguration.AgentTempDir#\Temp\AvProduct.log" />
              <Parameter xsi:type="EnumParameter" name="Condition" value="DoesNotContain" />
              <Parameter xsi:type="StringParameter" name="Value" value="No Instance(s) Available" />
            </Condition>
            <Then>
              <Statement description="AV Display Name" name="GetVariable" continueOnFail="false" osType="NT4|2000|XP|2003|Vista|2008">
                <Parameter xsi:type="EnumParameter" name="VariableType" value="WMIProperty" />
                <Parameter xsi:type="StringParameter" name="SourceContent" value="root\#SecurityCenter#:AntiVirusProduct[1].displayName" />
                <Parameter xsi:type="StringParameter" name="VariableName" value="AVname" />
              </Statement>
              <Statement description="Windows XP - AV Update Status" name="GetVariable" continueOnFail="false" osType="XP">
                <Parameter xsi:type="EnumParameter" name="VariableType" value="WMIProperty" />
                <Parameter xsi:type="StringParameter" name="SourceContent" value="root\#SecurityCenter#:AntiVirusProduct[1].productUptoDate" />
                <Parameter xsi:type="StringParameter" name="VariableName" value="UpdateState" />
              </Statement>
              <Statement description="Windows Vista - AV Update Status" name="GetVariable" continueOnFail="false" osType="Vista">
                <Parameter xsi:type="EnumParameter" name="VariableType" value="WMIProperty" />
                <Parameter xsi:type="StringParameter" name="SourceContent" value="root\#SecurityCenter#:AntiVirusProduct[1].productState" />
                <Parameter xsi:type="StringParameter" name="VariableName" value="UpdateState" />
              </Statement>
              <Statement description="Windows 7 - AV Update Status" name="GetVariable" continueOnFail="false" osType="7">
                <Parameter xsi:type="EnumParameter" name="VariableType" value="WMIProperty" />
                <Parameter xsi:type="StringParameter" name="SourceContent" value="root\#SecurityCenter#:AntiVirusProduct[1].productState" />
                <Parameter xsi:type="StringParameter" name="VariableName" value="UpdateState" />
              </Statement>
              <If description="Checks to see if variable #AVname# contains data and if not bypasses main procedure actions. ">
                <Condition name="CheckVariable">
                  <Parameter xsi:type="StringParameter" name="VariableName" value="#AVname#" />
                  <Parameter xsi:type="EnumParameter" name="Condition" value="Exists" />
                  <Parameter xsi:type="StringParameter" name="Value" value="" />
                </Condition>
                <Then>
                  <If description="Checks to see if variable #UpdateState# contains data and if not bypasses main procedure actions. ">
                    <Condition name="CheckVariable">
                      <Parameter xsi:type="StringParameter" name="VariableName" value="#UpdateState#" />
                      <Parameter xsi:type="EnumParameter" name="Condition" value="Exists" />
                      <Parameter xsi:type="StringParameter" name="Value" value="" />
                    </Condition>
                    <Then>
                      <If description="Security Center (Windows XP ) Definition status up to date TRUE (-1)">
                        <Condition name="CheckVariable">
                          <Parameter xsi:type="StringParameter" name="VariableName" value="#UpdateState#" />
                          <Parameter xsi:type="EnumParameter" name="Condition" value="Equals" />
                          <Parameter xsi:type="StringParameter" name="Value" value="-1" />
                        </Condition>
                        <Then>
                          <Statement description="Write an Entry into the Procedure Log" name="WriteScriptLogEntry" continueOnFail="false">
                            <Parameter xsi:type="StringParameter" name="Comment" value="Log: Antivirus Current - #AVname#" />
                          </Statement>
                        </Then>
                      </If>
                      <If description="Security Center (Windows XP ) Definition status up to date FALSE (0)">
                        <Condition name="CheckVariable">
                          <Parameter xsi:type="StringParameter" name="VariableName" value="#UpdateState#" />
                          <Parameter xsi:type="EnumParameter" name="Condition" value="Equals" />
                          <Parameter xsi:type="StringParameter" name="Value" value="0" />
                        </Condition>
                        <Then>
                          <Statement description="Write an Entry into the Procedure Log" name="WriteScriptLogEntry" continueOnFail="false" osType="XP">
                            <Parameter xsi:type="StringParameter" name="Comment" value="Log: Antivirus Outdated - #AVname#" />
                          </Statement>
                        </Then>
                      </If>
                      <If description="Security Center2 Definition status (Current) and On Access /Resident Scanner (Disabled)">
                        <Condition name="CheckVariable">
                          <Parameter xsi:type="StringParameter" name="VariableName" value="#UpdateState#" />
                          <Parameter xsi:type="EnumParameter" name="Condition" value="Equals" />
                          <Parameter xsi:type="StringParameter" name="Value" value="262144" />
                        </Condition>
                        <Then>
                          <Statement description="" name="WriteScriptLogEntry" continueOnFail="false" osType="Windows">
                            <Parameter xsi:type="StringParameter" name="Comment" value="Log: Antivirus Current - #AVname# (On-Access Scanner OFF)" />
                          </Statement>
                        </Then>
                      </If>
                      <If description="Security Center2 Definition status (Out of date) and On Access /Resident Scanner (Disabled)">
                        <Condition name="CheckVariable">
                          <Parameter xsi:type="StringParameter" name="VariableName" value="#UpdateState#" />
                          <Parameter xsi:type="EnumParameter" name="Condition" value="Equals" />
                          <Parameter xsi:type="StringParameter" name="Value" value="262160" />
                        </Condition>
                        <Then>
                          <Statement description="Write an Entry into the Procedure Log" name="WriteScriptLogEntry" continueOnFail="false">
                            <Parameter xsi:type="StringParameter" name="Comment" value="Log: Antivirus Outdated - #AVname# (On Access Scanner OFF)" />
                          </Statement>
                        </Then>
                      </If>
                      <If description="Security Center2 Definition status (Current) and On Access /Resident Scanner (Enabled)">
                        <Condition name="CheckVariable">
                          <Parameter xsi:type="StringParameter" name="VariableName" value="#UpdateState#" />
                          <Parameter xsi:type="EnumParameter" name="Condition" value="Equals" />
                          <Parameter xsi:type="StringParameter" name="Value" value="266240" />
                        </Condition>
                        <Then>
                          <Statement description="Write an Entry into the Procedure Log" name="WriteScriptLogEntry" continueOnFail="false">
                            <Parameter xsi:type="StringParameter" name="Comment" value="Log: Antivirus Current - #AVname# (On Access Scanner ON)" />
                          </Statement>
                        </Then>
                      </If>
                      <If description="Security Center2 Definition status (Out of date) and On Access /Resident Scanner (Enabled)">
                        <Condition name="CheckVariable">
                          <Parameter xsi:type="StringParameter" name="VariableName" value="#UpdateState#" />
                          <Parameter xsi:type="EnumParameter" name="Condition" value="Equals" />
                          <Parameter xsi:type="StringParameter" name="Value" value="266256" />
                        </Condition>
                        <Then>
                          <Statement description="Write an Entry into the Procedure Log" name="WriteScriptLogEntry" continueOnFail="false">
                            <Parameter xsi:type="StringParameter" name="Comment" value="Log: Antivirus Outdated - #AVname# (On Access Scanner ON)" />
                          </Statement>
                        </Then>
                      </If>
                      <If description="Security Center2 Definition status (Current) and On Access /Resident Scanner (Disabled)">
                        <Condition name="CheckVariable">
                          <Parameter xsi:type="StringParameter" name="VariableName" value="#UpdateState#" />
                          <Parameter xsi:type="EnumParameter" name="Condition" value="Equals" />
                          <Parameter xsi:type="StringParameter" name="Value" value="393216" />
                        </Condition>
                        <Then>
                          <Statement description="" name="WriteScriptLogEntry" continueOnFail="false">
                            <Parameter xsi:type="StringParameter" name="Comment" value="Log: Antivirus Current - #AVname#  (On-Access Scanner OFF)" />
                          </Statement>
                        </Then>
                      </If>
                      <If description="Security Center2 Definition status (Out of date) and On Access /Resident Scanner (Disabled)">
                        <Condition name="CheckVariable">
                          <Parameter xsi:type="StringParameter" name="VariableName" value="#UpdateState#" />
                          <Parameter xsi:type="EnumParameter" name="Condition" value="Equals" />
                          <Parameter xsi:type="StringParameter" name="Value" value="393232" />
                        </Condition>
                        <Then>
                          <Statement description="Write an Entry into the Procedure Log" name="WriteScriptLogEntry" continueOnFail="false">
                            <Parameter xsi:type="StringParameter" name="Comment" value="Log: Antivirus Outdated - #AVname# (On Access Scanner OFF)" />
                          </Statement>
                        </Then>
                      </If>
                      <If description="Security Center2 Definition status (Out of date) and On Access /Resident Scanner (Disabled)">
                        <Condition name="CheckVariable">
                          <Parameter xsi:type="StringParameter" name="VariableName" value="#UpdateState#" />
                          <Parameter xsi:type="EnumParameter" name="Condition" value="Equals" />
                          <Parameter xsi:type="StringParameter" name="Value" value="393488" />
                        </Condition>
                        <Then>
                          <Statement description="Write an Entry into the Procedure Log" name="WriteScriptLogEntry" continueOnFail="false">
                            <Parameter xsi:type="StringParameter" name="Comment" value="Log: Antivirus Outdated - #AVname# (On Access Scanner OFF)" />
                          </Statement>
                        </Then>
                      </If>
                      <If description="Security Center2 Definition status (Current) and On Access /Resident Scanner (Enabled)">
                        <Condition name="CheckVariable">
                          <Parameter xsi:type="StringParameter" name="VariableName" value="#UpdateState#" />
                          <Parameter xsi:type="EnumParameter" name="Condition" value="Equals" />
                          <Parameter xsi:type="StringParameter" name="Value" value="397312" />
                        </Condition>
                        <Then>
                          <Statement description="Write an Entry into the Procedure Log" name="WriteScriptLogEntry" continueOnFail="false">
                            <Parameter xsi:type="StringParameter" name="Comment" value="Log: Antivirus Current - #AVname#  (On Access Scanner ON)" />
                          </Statement>
                        </Then>
                      </If>
                      <If description="Security Center2 Definition status (Out of date) and On Access /Resident Scanner (Enabled)">
                        <Condition name="CheckVariable">
                          <Parameter xsi:type="StringParameter" name="VariableName" value="#UpdateState#" />
                          <Parameter xsi:type="EnumParameter" name="Condition" value="Equals" />
                          <Parameter xsi:type="StringParameter" name="Value" value="397328" />
                        </Condition>
                        <Then>
                          <Statement description="Write an Entry into the Procedure Log" name="WriteScriptLogEntry" continueOnFail="false">
                            <Parameter xsi:type="StringParameter" name="Comment" value="Log: Antivirus Outdated - #AVname# (On Access Scanner ON)" />
                          </Statement>
                        </Then>
                      </If>
                      <If description="Security Center2 Definition status (Out of date) and On Access /Resident Scanner (Enabled)">
                        <Condition name="CheckVariable">
                          <Parameter xsi:type="StringParameter" name="VariableName" value="#UpdateState#" />
                          <Parameter xsi:type="EnumParameter" name="Condition" value="Equals" />
                          <Parameter xsi:type="StringParameter" name="Value" value="397584" />
                        </Condition>
                        <Then>
                          <Statement description="Write an Entry into the Procedure Log" name="WriteScriptLogEntry" continueOnFail="false">
                            <Parameter xsi:type="StringParameter" name="Comment" value="Log: Antivirus Outdated - #AVname# (On Access Scanner ON)" />
                          </Statement>
                        </Then>
                      </If>
                      <Statement description="Write an Entry into the Procedure Log" name="WriteScriptLogEntry" continueOnFail="false" osType="NT4|2000|XP|2003|Vista|2008">
                        <Parameter xsi:type="StringParameter" name="Comment" value="Antivirus Name = #AVname# Update State = #UpdateState#" />
                      </Statement>
                    </Then>
                    <Else>
                      <Statement description="Write an Entry into the Procedure Log" name="WriteScriptLogEntry" osType="NT4|2000|XP|2003|Vista|2008">
                        <Parameter xsi:type="StringParameter" name="Comment" value="Log: Antivirus Status Unknown - Possible damaged WMI DB or Unsupported System." />
                      </Statement>
                    </Else>
                  </If>
                </Then>
                <Else>
                  <Statement description="Write an Entry into the Procedure Log" name="WriteScriptLogEntry" osType="NT4|2000|XP|2003|Vista|2008">
                    <Parameter xsi:type="StringParameter" name="Comment" value="Log: Antivirus Status Unknown - Possible damaged WMI DB or Unsupported System." />
                  </Statement>
                  <Statement description="Write an Entry into the Procedure Log" name="WriteScriptLogEntry" osType="2000">
                    <Parameter xsi:type="StringParameter" name="Comment" value="Log: Unsupported Operating System" />
                  </Statement>
                  <Statement description="Write an Entry into the Procedure Log" name="WriteScriptLogEntry" osType="2003">
                    <Parameter xsi:type="StringParameter" name="Comment" value="Log: Unsupported Operating System" />
                  </Statement>
                  <Statement description="Write an Entry into the Procedure Log" name="WriteScriptLogEntry" osType="2008">
                    <Parameter xsi:type="StringParameter" name="Comment" value="Log: Unsupported Operating System" />
                  </Statement>
                </Else>
              </If>
            </Then>
            <Else>
              <Statement description="Write an Entry into the Procedure Log" name="WriteScriptLogEntry" osType="NT4|2000|XP|2003|Vista|2008">
                <Parameter xsi:type="StringParameter" name="Comment" value="MS Security Center indicates that no Antivirus Product has been installed, unable to continue with agent procedure." />
              </Statement>
            </Else>
          </If>
          <Statement description="Get the specified file - full path to file required." name="GetFile" continueOnFail="false" osType="NT4|2000|XP|2003|Vista|2008">
            <Parameter xsi:type="StringParameter" name="RemoteFileName" value="#vAgentConfiguration.AgentTempDir#\Temp\AvProduct.log" />
            <Parameter xsi:type="StringParameter" name="KServerFileName" value="Logs\SecurityCenterAvProduct.log" />
            <Parameter xsi:type="EnumParameter" name="Action" value="SaveExistingSendAlert" />
          </Statement>
          <Statement description="Delete the specified file - full path to the filename required." name="DeleteFile" continueOnFail="true" osType="NT4|2000|XP|2003|Vista|2008">
            <Parameter xsi:type="StringParameter" name="Path" value="#vAgentConfiguration.AgentTempDir#\Temp\AvProduct.log" />
          </Statement>
        </Then>
        <Else>
          <Statement description="Write an Entry into the Procedure Log" name="WriteScriptLogEntry" osType="XP">
            <Parameter xsi:type="StringParameter" name="Comment" value="Failed to generate log file, agent procedure failed!" />
          </Statement>
          <Statement description="Write an Entry into the Procedure Log" name="WriteScriptLogEntry" osType="Vista">
            <Parameter xsi:type="StringParameter" name="Comment" value="Failed to generate log file, agent procedure failed!" />
          </Statement>
          <Statement description="Write an Entry into the Procedure Log" name="WriteScriptLogEntry" osType="7">
            <Parameter xsi:type="StringParameter" name="Comment" value="Failed to generate log file, agent procedure failed!" />
          </Statement>
          <Statement description="Write an Entry into the Procedure Log" name="WriteScriptLogEntry" osType="2000">
            <Parameter xsi:type="StringParameter" name="Comment" value="Log: Unsupported Operating System" />
          </Statement>
          <Statement description="Write an Entry into the Procedure Log" name="WriteScriptLogEntry" osType="2003">
            <Parameter xsi:type="StringParameter" name="Comment" value="Log: Unsupported Operating System" />
          </Statement>
          <Statement description="Write an Entry into the Procedure Log" name="WriteScriptLogEntry" osType="2008">
            <Parameter xsi:type="StringParameter" name="Comment" value="Log: Unsupported Operating System" />
          </Statement>
        </Else>
      </If>
    </Body>
  </Procedure>
</ScriptExport>